USE GhostPhotoDB;
GO

IF EXISTS(
   SELECT ROUTINE_NAME
   FROM INFORMATION_SCHEMA.ROUTINES
   WHERE ROUTINE_NAME = 'DbReset')
BEGIN
   DROP PROCEDURE DbReset
END
GO

CREATE PROCEDURE DbReset AS
BEGIN
	DELETE FROM PostHashtag;
	--DELETE FROM PostComment;
	--	DBCC CHECKIDENT ('PostComment', RESEED, 1)
	DELETE FROM BlogPost;
		DBCC CHECKIDENT ('BlogPost', RESEED, 1)
	DELETE FROM Comment;
		DBCC CHECKIDENT ('Comment', RESEED, 1)
	DELETE FROM Hashtag;
		DBCC CHECKIDENT ('Hashtag', RESEED, 1)
	DELETE FROM PostType;
		DBCC CHECKIDENT ('PostType', RESEED, 1)
	DELETE FROM PostStatus;
		DBCC CHECKIDENT ('PostStatus', RESEED, 1)
	DELETE FROM AspNetUserRoles
	WHERE (UserId = '00000000-0000-0000-0000-000000000000' AND RoleId = '00000000-0000-0000-0000-777777777777')
		  OR
		  (UserId = '11111111-1111-1111-1111-111111111111' AND RoleId = '11111111-1111-1111-1111-888888888888')
		  OR
		  (UserId = '22222222-2222-2222-2222-222222222222' AND RoleId = '22222222-2222-2222-2222-999999999999')
		  OR
		  (UserId = '33333333-3333-3333-3333-333333333333' AND RoleId = '33333333-3333-3333-3333-666666666666');

	-- There must be a trigger on this table to remove items from AspNetUserRoles too
	-- So leave this table alone after created
	--DELETE FROM AspNetRoles
	--WHERE Id IN ('00000000-0000-0000-0000-777777777777',
	--			 '11111111-1111-1111-1111-888888888888',
	--			 '22222222-2222-2222-2222-999999999999',
	--			 '33333333-3333-3333-3333-666666666666');

	DELETE FROM AspNetUsers
	WHERE Id IN ('00000000-0000-0000-0000-000000000000',
				 '11111111-1111-1111-1111-111111111111',
				 '22222222-2222-2222-2222-222222222222',
				 '33333333-3333-3333-3333-333333333333');


	-- AspNetUsers  (for NUNIT testing only)
	INSERT INTO AspNetUsers(Id, EmailConfirmed, PhoneNumberConfirmed, Email, TwoFactorEnabled,
				LockoutEnabled, AccessFailedCount, UserName) VALUES
		('00000000-0000-0000-0000-000000000000', 0, 0, 'test1@test.com', 0, 0, 0, 'Doug'),
		('11111111-1111-1111-1111-111111111111', 0, 0, 'test2@test.com', 0, 0, 0, 'Richard'),
		('22222222-2222-2222-2222-222222222222', 0, 0, 'test3@test.com', 0, 0, 0, 'Sam'),
		('33333333-3333-3333-3333-333333333333', 0, 0, 'test4@test.com', 0, 0, 0, 'Matt');

	 -- Poplulate AspNetRoles (for NUNIT testing only)
	-- There must be a trigger on this table to remove items from AspNetUserRoles too
	-- So leave this table alone after created
	--INSERT INTO AspNetRoles(Id, [Name]) VALUES
	--	('00000000-0000-0000-0000-777777777777', 'Admin'),
	--	('11111111-1111-1111-1111-888888888888', 'Writer'),
	--	('22222222-2222-2222-2222-999999999999', 'Guest'),
	--	('33333333-3333-3333-3333-666666666666', 'Disabled');

	-- Populate AspNetUserRoles (for NUNIT testing only)
	INSERT INTO AspNetUserRoles(UserId, RoleId) VALUES
		('00000000-0000-0000-0000-000000000000', '00000000-0000-0000-0000-777777777777'),
		('11111111-1111-1111-1111-111111111111', '11111111-1111-1111-1111-888888888888'),
		('22222222-2222-2222-2222-222222222222', '22222222-2222-2222-2222-999999999999'),
		('33333333-3333-3333-3333-333333333333', '33333333-3333-3333-3333-666666666666');

	-- Populate PostStatus
	SET IDENTITY_INSERT PostStatus ON
	INSERT INTO PostStatus(Id, StatusName, StatusDescription)
	VALUES (1, 'Pending', 'Post is Pending Approval'),
		   (2, 'Approved', 'Post has been Approved'),
		   (3, 'Expired', 'Post has Expired');
	SET IDENTITY_INSERT PostStatus OFF

	--Populate PostType
	SET IDENTITY_INSERT PostType ON
	INSERT INTO PostType(Id, PostType)
	VALUES (1, 'Static'),
		   (2, 'Blog'),
		   (3, 'Admin');
	SET IDENTITY_INSERT PostType OFF

	--Populate Hashtag
	SET IDENTITY_INSERT Hashtag ON
	INSERT INTO Hashtag(Id, HashtagName)
	VALUES (1, '#Ghost'),
		   (2, '#Photo'),
		   (3, '#GhostPhoto'),
		   (4, '#GhostPhotography'),
		   (5, '#Photography'),
		   (6, '#Galloway'),
		   (7, '#Waverly'),
		   (8, '#Scary'),
		   (9, '#TrueStory');
	SET IDENTITY_INSERT Hashtag OFF

	--Populate Comment
	SET IDENTITY_INSERT Comment ON
	INSERT INTO Comment(Id, PostId, Comment, CommentDate, UserId)
	VALUES (1, 3, 'I Like Ghosts!', '7/22/17','11111111-1111-1111-1111-111111111111'),
		   (2, 3, 'I too Like Ghosts', '7/22/17','00000000-0000-0000-0000-000000000000'),
		   (3, 7, 'Your Photos are great!','7/27/17','22222222-2222-2222-2222-222222222222'),
		   (4, 8, 'That is Creepy, I would never go in there!', '7/27/17','22222222-2222-2222-2222-222222222222'),
		   (5, 7, 'You are the worst photographer on the Internet! Bad!', '7/26/17','33333333-3333-3333-3333-333333333333'),
		   (6, 7, 'Whoever made that last comment is an idiot!', '7/26/17','33333333-3333-3333-3333-333333333333'),
		   (7, 9, 'Wow! Amazing!', '7/27/17','11111111-1111-1111-1111-111111111111'),
		   (8, 3, 'I too Like Ghosts', '7/22/17','00000000-0000-0000-0000-000000000000'),
		   (9, 1, 'Your Photos are great!','7/27/17','22222222-2222-2222-2222-222222222222'),
		   (10, 2, 'That is Creepy, I would never go in there!', '7/27/17','22222222-2222-2222-2222-222222222222'),
		   (11, 4, 'You are the worst photographer on the Internet! Bad!', '7/26/17','33333333-3333-3333-3333-333333333333'),
		   (12, 5, 'Whoever made that last comment is an idiot!', '7/26/17','33333333-3333-3333-3333-333333333333'),
		   (13, 6, 'Wow! Amazing!', '7/27/17','11111111-1111-1111-1111-111111111111'),
		   (14, 15, 'I too Like Ghosts', '7/22/17','00000000-0000-0000-0000-000000000000'),
		   (15, 10, 'Your Photos are great!','7/27/17','22222222-2222-2222-2222-222222222222'),
		   (16, 11, 'That is Creepy, I would never go in there!', '7/27/17','22222222-2222-2222-2222-222222222222'),
		   (17, 12, 'You are the worst photographer on the Internet! Bad!', '7/28/17','33333333-3333-3333-3333-333333333333'),
		   (18, 13, 'Whoever made that last comment is an idiot!', '7/26/17','33333333-3333-3333-3333-333333333333'),
		   (19, 14, 'Wow! Amazing!', '7/27/17','11111111-1111-1111-1111-111111111111'),
		   (20, 12, 'That is Creepy, I would never go in there!', '7/27/17','22222222-2222-2222-2222-222222222222'),
		   (21, 20, 'You are the worst photographer on the Internet! Bad!', '7/26/17','33333333-3333-3333-3333-333333333333'),
		   (22, 19, 'Whoever made that last comment is an idiot!', '7/26/17','33333333-3333-3333-3333-333333333333'),
		   (23, 18, 'Wow! Amazing!', '7/27/17','11111111-1111-1111-1111-111111111111'),
		   (24, 17, 'I too Like Ghosts', '7/22/17','00000000-0000-0000-0000-000000000000'),
		   (25, 16, 'Your Photos are great!','7/27/17','22222222-2222-2222-2222-222222222222'),
		   (26, 15, 'That is Creepy, I would never go in there!', '7/27/17','22222222-2222-2222-2222-222222222222'),
		   (27, 30, 'You are the worst photographer on the Internet! Bad!', '7/27/17','33333333-3333-3333-3333-333333333333'),
		   (28, 29, 'Whoever made that last comment is an idiot!', '7/27/17','33333333-3333-3333-3333-333333333333'),
		   (29, 28, 'Wow! Amazing!', '7/27/17','11111111-1111-1111-1111-111111111111'),
		   (30, 27, 'That is Creepy, I would never go in there!', '7/27/17','22222222-2222-2222-2222-222222222222'),
		   (31, 26, 'You are the worst photographer on the Internet! Bad!', '7/26/17','33333333-3333-3333-3333-333333333333'),
		   (32, 25, 'Whoever made that last comment is an idiot!', '7/26/17','33333333-3333-3333-3333-333333333333'),
		   (33, 24, 'Wow! Amazing!', '7/27/17','11111111-1111-1111-1111-111111111111'),
		   (34, 23, 'I too Like Ghosts', '7/22/17','00000000-0000-0000-0000-000000000000'),
		   (35, 22, 'Your Photos are great!','7/27/17','22222222-2222-2222-2222-222222222222'),
		   (36, 21, 'That is Creepy, I would never go in there!', '7/27/17','22222222-2222-2222-2222-222222222222'),
		   (37, 16, 'You are the worst photographer on the Internet! Bad!', '7/26/17','33333333-3333-3333-3333-333333333333'),
		   (38, 16, 'Whoever made that last comment is an idiot!', '7/26/17','33333333-3333-3333-3333-333333333333'),
		   (39, 25, 'Wow! Amazing!', '7/27/17','11111111-1111-1111-1111-111111111111'),
		   (40, 27, 'That is Creepy, I would never go in there!', '7/27/17','22222222-2222-2222-2222-222222222222'),
		   (41, 26, 'You are the worst photographer on the Internet! Bad!', '7/25/17','33333333-3333-3333-3333-333333333333'),
		   (42, 25, 'Whoever made that last comment is an idiot!', '7/26/17','33333333-3333-3333-3333-333333333333'),
		   (43, 24, 'Wow! Amazing!', '7/27/17','11111111-1111-1111-1111-111111111111'),
		   (44, 23, 'I too Like Ghosts', '7/22/17','00000000-0000-0000-0000-000000000000'),
		   (45, 24, 'Your Photos are great!','7/27/17','22222222-2222-2222-2222-222222222222'),
		   (46, 11, 'That is Creepy, I would never go in there!', '7/27/17','22222222-2222-2222-2222-222222222222'),
		   (47, 12, 'You are the worst photographer on the Internet! Bad!', '7/26/17','33333333-3333-3333-3333-333333333333'),
		   (48, 16, 'Whoever made that last comment is an idiot!', '7/27/17','33333333-3333-3333-3333-333333333333'),
		   (49, 24, 'Unbelievable', '7/28/17','11111111-1111-1111-1111-111111111111');
	SET IDENTITY_INSERT Comment OFF

	--Populate BlogPost
	SET IDENTITY_INSERT BlogPost ON
	INSERT INTO BlogPost(Id, PostTypeId, Title, PostContent, PostImage, AuthorId, DisplayAuthorId, PostStatusId, DateCreated, ModifiedDate, ScheduleDate, ExpirationDate)
		VALUES 
		(1, 2, 'Ghosts Are Very Scary!', '<p>Creep cold graves, shadow non fear a, psychotic ashes ghost. In willow trees, killer dolls are rotten teeth bite, sheep children virus nibh, in zombies brains unknown ghost creepy. Breathing heavily damp, cold and crying running, stalking slicing stabbing dripping (blood), is creaking screaming 666 at kettle. Haunt sliced at choking cut drool. Death bruises moon torture demon.</p><p>Devil or vampire werewolf wind. Haunt sliced at choking cut drool. Eerie needles edginess, graveyard on death rotten, disturbing non grave. Burie.</p><p>Non guts claw and creature hair-raising decapitated at est. Flames at crazy slicing with murderer gore. killer mental psychotic sliced. Menacing nightmare zombie deranged in stabbing. Graves slice ominous is guns exorcism guts. In horrifying, fear is gnarled murder, ominous eerie Serial killer sinister, with sick chilling agony shaking heart pumping. chainsaw dread full moon, pushed at alley bruises, children is knife. Tearing eyeballs zombie slash. Dungeon in a gruesome, a disembowe.</p><p>Unknown. Suicide Slash demon at convulsing darkness a evil pain burn. Breathing heavily hell and rabid anthrax fanatic tearing at a squeal. Bloodcurdling decomposed zombie in virus scared cat Michael Myers worms. In horrifying, fear i.</p><p>Gnarled murder, ominous eerie Serial killer sinister, with sick chilling agony shaking heart pumping. Haunt tearing murder crying an mental corpse zombies evil, chainsaw motionless gory. Dungeon in a gruesome, a disembowel unknown. Tearing eyeballs zombie slash. Witch ashes eyeball undead, in bury burn hell flames. Blood ashes tearing in drowning spooky at fanatic with murderer. chainsaw dread full moon, pushed at alley bruises.</p><p>Children is knife. Tearing eyeballs zombie slash. Drenched scream scared dark. Haunt sliced at choking cut drool. Blood ashes tearing in drowning spooky at fanatic with murderer. Drenched scream scared dark. Anthrax putrid, disturbing and morbid convulsing, rotten menacing fatal bleak, monstrosity dread with demon scourge terrifying. Edginess anxiety tension, claw at deteriorated in, creep a tear. Cat at decapitated guns. . Gnarled hazardous, gore Michael Myers grav.</p><p>Ripped, trapped daring rotten worms, vampire monstrosity bleak are at flesh. Screams creaking tension kettle our exorcist. Pain needles commodo drool rabid nightmare. Mental hospital sliced drowning. Dark mutilation rotten, Blood hair raising or, blood in eyeball. Evil Michael Myers decomposed corpse. Creep cold graves, shadow non fear a, psychotic ashes ghost. Buried non guts claw and creature hair-raising decapitated at est. Disembowel stab, chains dungeon torment fiendish, gruesom.</p><p>Psychopath monster captive, a mutilation possession obsession at fanatic. Captive Agony deteriorated, fatal or chilling is, grotesque Halloween exorcism. Haunt tearing murder crying an mental corpse zombies evil, chainsaw motionless gory. Horror bowels exorcism grave cut, murderer creature ripped. Eerie needles edginess, graveyard on death rotten, disturbing no.</p><p>Grave. Shriek terror shadow, darkness in tense ac, Motionless drowning Full moon. Shriek terror shadow, darkness in tense ac, Motionless drowning Ful.</p>','image_1.jpg','00000000-0000-0000-0000-000000000000','00000000-0000-0000-0000-000000000000',2,'7/10/17',NULL,'7/10/17',NULL),
		(2, 2, 'Ghosts Are Very Very Scary!', '<p>Lorem ipsum dolor sit amet, consectetur adipiscing elit. Integer nec odio. Praesent libero. Sed cursus ante dapibus diam. Sed nisi. Nulla quis sem at nibh elementum imperdiet. Duis sagittis ipsum. <b>Lorem ipsum dolor sit amet, consectetur adipiscing elit</b>. Praesent mauris. Fusce nec tellus sed augue semper porta. Mauris massa. Vestibulum lacinia arcu eget nulla. Class aptent taciti sociosqu ad litora torquent per conubia nostra, per inceptos himenaeos. Curabitur sodales ligula in libero. </p><p>Sed dignissim lacinia nunc. Curabitur tortor. Pellentesque nibh. <i>Lorem ipsum dolor sit amet, consectetur adipiscing elit</i>. Aenean quam. In scelerisque sem at dolor. Maecenas mattis. Sed convallis tristique sem. <b>Vestibulum lacinia arcu eget nulla</b>. Proin ut ligula vel nunc egestas porttitor. Morbi lectus risus, iaculis vel, suscipit quis, luctus non, massa. Fusce ac turpis quis ligula lacinia aliquet. Mauris ipsum. <b>Aenean quam</b>. Nulla metus metus, ullamcorper vel, tincidunt sed, euismod in, nibh. Quisque volutpat condimentum velit. <i>Lorem ipsum dolor sit amet, consectetur adipiscing elit</i>. Class aptent taciti sociosqu ad litora torquent per conubia nostra, per inceptos himenaeos. </p><p>Nam nec ante. Sed lacinia, urna non tincidunt mattis, tortor neque adipiscing diam, a cursus ipsum ante quis turpis. Nulla facilisi. Ut fringilla. Suspendisse potenti. Nunc feugiat mi a tellus consequat imperdiet. Vestibulum sapien. Proin quam. Etiam ultrices. <i>Maecenas mattis</i>. Suspendisse in justo eu magna luctus suscipit. Sed lectus. Integer euismod lacus luctus magna. </p>','image_2.jpg','00000000-0000-0000-0000-000000000000','11111111-1111-1111-1111-111111111111',2,'7/11/17',NULL,'7/11/17',NULL),
		(3, 2, 'This Ghost Made Me Poop My Pants!', '<p>Aeromancy alectormancy ambulomancy anthracomancy brontomancy catoptromancy cephalonomancy coscinomancy crystalomancy eromancy geloscopy geomancy haruspication hieroscopy hypnomancy keraunoscopia logomancy narcomancy necyomancy odontomancy ololygmancy oryctomancy pyromancy rhapsodomancy scapulomancy sideromancy spheromancy tyromancy xenomancy. Ailuromancy axinomancy bibliomancy botanomancy brontomancy cartomancy chaomancy crithomancy critomancy hematomancy hieromancy kephalonomancy lithomancy logarithmancy meconomancy odontomancy ololygmancy omphalomancy onomancy onymancy oomancy ophidiomancy retromancy rhabdomancy scatoscopy sideromancy spheromancy thumomancy tiromancy topomancy. Anthracomancy crystalomancy knissomancy lithomancy logomancy metopomancy omoplatoscopy ouranomancy pyromancy spasmatomancy thumomancy.</p><p>Alectormancy belomancy cleidomancy crystallomancy ichnomancy lithomancy logomancy myomancy omoplatoscopy onomancy stolisomancy theomancy xylomancy. Acultomancy alectryomancy aleuromancy botanomancy ceraunoscopy cleidomancy critomancy knissomancy oinomancy psephomancy spatilomancy tephromancy trochomancy. Alectormancy austromancy belomancy causimancy ceraunoscopy dactyliomancy hydromancy kephalonomancy maculomancy meconomancy oinomancy ossomancy ouranomancy spatilomancy spheromancy thrioboly. Aleuromancy bibliomancy ceroscopy crystallomancy crystalomancy dririmancy haruspication hieroscopy lecanomancy logomancy oenomancy onymancy phyllomancy sortilege spheromancy urimancy. Arithmancy austromancy botanomancy brontomancy cleidomancy cleromancy grafology logomancy macromancy oenomancy pedomancy sideromancy stolisomancy.</p><p>Aleuromancy batraquomancy ceneromancy cleromancy lampadomancy narcomancy physiognomancy psephomancy scatoscopy spheromancy topomancy. Anthomancy batraquomancy brontomancy cleidomancy crystallomancy gyromancy lampadomancy metoposcopy spatilomancy spodomancy stolisomancy. Alomancy astromancy chiromancy cleromancy conchomancy graptomancy hieromancy hydromancy kephalonomancy ouranomancy pyromancy stercomancy. Anthomancy armomancy batraquomancy belomancy ceneromancy ceromancy chirognomy crithomancy critomancy hieromancy hydromancy logarithmancy myomancy odontomancy oneiromancy osteomancy pedomancy pegomancy scapulomancy stichomancy thumomancy urimancy xylomancy. Aleuromancy apantomancy armomancy botanomancy capnomancy catoptromancy coscinomancy critomancy cromnyomancy enoptromancy halomancy ichnomancy macromancy margaritomancy myomancy necyomancy nomancy ololygmancy oneiromancy onomancy onymancy oryctomancy ossomancy osteomancy retromancy spheromancy stolisomancy uranomancy.</p><p>Acultomancy astragalomancy cartomancy catoptromancy causimancy ceneromancy crithomancy dactyliomancy extispicy halomancy hepatoscopy ichthyomancy margaritomancy narcomancy nomancy osteomancy pedomancy pegomancy phyllomancy scatomancy. Aspidomancy austromancy bibliomancy ceraunoscopy cleromancy crithomancy crystallomancy dririmancy hematomancy ichnomancy keraunoscopia lecanomancy logarithmancy micromancy oinomancy ololygmancy omoplatoscopy stercomancy stolisomancy topomancy. Ailuromancy brontomancy chronomancy cleromancy ichthyomancy iconomancy mathemancy meconomancy ophidiomancy ouranomancy sciomancy selenomancy tiromancy. Axinomancy capnomancy ceneromancy ceraunomancy ceroscopy cromnyomancy crystallomancy dactyliomancy enoptromancy eromancy halomancy idolomancy knissomancy lithomancy margaritomancy meteoromancy metopomancy oinomancy onychomancy rhabdomancy spheromancy sycomancy theomancy.</p><p>These pants are stained!</p>','image_3.jpg','00000000-0000-0000-0000-000000000000','00000000-0000-0000-0000-000000000000',1,'7/12/17',NULL,'7/12/17',NULL),
		(4, 2, 'Spooky!', '<p>Acumen antares cravat denouement euphony litterateur monomaniac quiescence schooner-rigged smack sedge sinciput swammerdamm. Avoirdupois azrael batavia beguiling coquetries crebillon de beranger decamped disinter eschew fastidious laconic norman palliative petulantly precocity runic. A pipe of accoutred alarum appennines ardor arts of the toilet bugaboo chaise longue colloquy disapprobation freemasons incubus lethe monody pallas passes for amontillado ptolemy purloined rheum scholiasts simoom verdant vicissitudes. Archipelago bon ton cameos carathis clandestinely cupola eidolon foolscap gingham glutinous gorgias gunwale homoeopathists leibnitz nourjahad phantasmagoric psyche raconteur sir george cayley tadmor unfeigned venerable xerxes.</p><p>Achilles heel acrid asphaltum asphytic cassock castellated charnel disconsolate dogma ducal fuseli galvanic gelatinous hessian immolation mansardes metaphor monomania ocular penuriousness placid propitious ptolemy scintillating scruples tadmor thule welsh rabbit. Austere axiom cupola halcyon lady rowena trevanion parisian posteriori prevarication propitious scarabaeus soliloquy stertorous tadmor taffrail. Axiom beguiling cartilaginous charnel chiromancy chirurgical journal cloister dodona domiciliary entrails flambeau gainsayed homoeopathists impunity invention of hero java leibnitz maison monomaniac nemo me impune lacessit obtuse pallid phrenologist rue swedenborg syncope tinctured trumpery vociferated.</p><p>Abstruse achilles heel author of the chronicles cameos cotopaxi despotism fag end galvanic gesticulations ineffable kirschenwasser larboard mien moresque mummer nemo me impune lacessit outre partisan pectoral muscles poop roquelaire tertullian venerable. Arts of the toilet cameos catalepsy clairvoyance decorum fetid horticulturist nicholas klimm rapture rara avis in terris. Aghast apothegm ashtophet avator belphegor of machiavelli bon ton brocade caricature cassock demur disapprobation erudition facilis descensus averni fag end francs gendarme girting in articulo mortis mesmer nemo me impune lacessit parallelogram pasquinaded prima donna ribands sagacious scholiasts studding-sail thunderstricken trepanning.</p>','image_4.jpg','11111111-1111-1111-1111-111111111111','11111111-1111-1111-1111-111111111111',1,'7/10/17',NULL,'7/13/17',NULL),
		(5, 2, 'The Scary Ghost Goes Boo', '<p>Paladin beleg strongbow deathless desolation of the morannon ered nimrais haldan king of the noldor mithe strawheads tuckborough. Armor class pitchfork argonath arvernien axe of tuor fourth age galenas gate of the noldor haven-finder king of calenardhon master morgul rock of the music of water rose gamgee shadow host sirannon telumehtar thrihyrne two watchers underhill village utumno white lady of the noldor wood-demons. Energy charge total cover aros bree-hill bunce gorthol gothmog, lord of balrogs morwen of lossarnach nimrodel, river orcs snails thanksgiving to eru white downs woody end. Half speed reaction swarm subtype bespoke swag angrenost beren of gondor cram day of doom dimbar flambard took forest forgoil great road (north to south) gundor lassemista merry gamgee mouth of sauron ring of doom rodyn shuddering water thangorodrim vinitharya.</p><p>Pattern subschool protection domain whatever amon darthir arda ashes belthil chubb-baggins erling far-wanderer firefoot foamriders gates of mordor gorthol grey havens land of the dead that live lords of the valar men of dorthonion monendei nimrodel, river noldo ringwraiths southlinch thistle brook voles westfolders. Spell-like ability spontaneous casting loko organic sweater aglon amon lhaw angelimir bilbo baggins brandir brandywine bridge circles of the world elven-kings ethir anduin gilraen green hill country kelvar lady of the seas last alliance of elves and men lord of mordor magic ring osgiliath shire-thain swanhaven thrushes tyrn gorthad yuledays. Awakening of men certar gate-keepers girdle of melian heribald bolger lanthir lamath lithe, in the calendar of bree mewlips orodruin.</p><p>Casting time chaos domain sustainable astar brandywine bridge brithon buck hill durin vi hidden realm laer lily brown masterful pallando parth galen staddle stoningland tauremorna tom bombadil yearbook of tuckborough. Temporary hit points anor elendil erui first marshal of the riddermark grubb guarded plain longfather-tree of master samwise lord of nogrod one quendi river-woman tower of the rising moon. Astral plane fate domain paralyzed helvetica budgeford daddy twofoot gate of the dead idril celebrindal isengrim took ii mithrim, lake thistle brook william huggins. Attack of opportunity blown away smoke effects andaith falathrim free peoples gandalf gelmir of angrods people halethrim long lake mede pines powers of the world rerir silver crown snowmane star of the north kingdom sterday steward of gondor talath dirnen tar-elendil third marshal of the riddermark thrimich.</p>','image_5.jpg','00000000-0000-0000-0000-000000000000','22222222-2222-2222-2222-222222222222',2,'7/14/17',NULL,'7/10/17',NULL),
		(6, 2, 'I Have A Boo Boo... Eek', '<p>Paladin beleg strongbow deathless desolation of the morannon ered nimrais haldan king of the noldor mithe strawheads tuckborough. Armor class pitchfork argonath arvernien axe of tuor fourth age galenas gate of the noldor haven-finder king of calenardhon master morgul rock of the music of water rose gamgee shadow host sirannon telumehtar thrihyrne two watchers underhill village utumno white lady of the noldor wood-demons. Energy charge total cover aros bree-hill bunce gorthol gothmog, lord of balrogs morwen of lossarnach nimrodel, river orcs snails thanksgiving to eru white downs woody end. Half speed reaction swarm subtype bespoke swag angrenost beren of gondor cram day of doom dimbar flambard took forest forgoil great road (north to south) gundor lassemista merry gamgee mouth of sauron ring of doom rodyn shuddering water thangorodrim vinitharya.</p><p>Pattern subschool protection domain whatever amon darthir arda ashes belthil chubb-baggins erling far-wanderer firefoot foamriders gates of mordor gorthol grey havens land of the dead that live lords of the valar men of dorthonion monendei nimrodel, river noldo ringwraiths southlinch thistle brook voles westfolders. Spell-like ability spontaneous casting loko organic sweater aglon amon lhaw angelimir bilbo baggins brandir brandywine bridge circles of the world elven-kings ethir anduin gilraen green hill country kelvar lady of the seas last alliance of elves and men lord of mordor magic ring osgiliath shire-thain swanhaven thrushes tyrn gorthad yuledays. Awakening of men certar gate-keepers girdle of melian heribald bolger lanthir lamath lithe, in the calendar of bree mewlips orodruin.</p><p>Casting time chaos domain sustainable astar brandywine bridge brithon buck hill durin vi hidden realm laer lily brown masterful pallando parth galen staddle stoningland tauremorna tom bombadil yearbook of tuckborough. Temporary hit points anor elendil erui first marshal of the riddermark grubb guarded plain longfather-tree of master samwise lord of nogrod one quendi river-woman tower of the rising moon. Astral plane fate domain paralyzed helvetica budgeford daddy twofoot gate of the dead idril celebrindal isengrim took ii mithrim, lake thistle brook william huggins. Attack of opportunity blown away smoke effects andaith falathrim free peoples gandalf gelmir of angrods people halethrim long lake mede pines powers of the world rerir silver crown snowmane star of the north kingdom sterday steward of gondor talath dirnen tar-elendil third marshal of the riddermark thrimich.</p>','image_6.gif','00000000-0000-0000-0000-000000000000','11111111-1111-1111-1111-111111111111',2,'7/15/17',NULL,'7/15/17',NULL),
		(7, 2, 'Ghost Photography, Ghost Writing', '<p>Creep cold graves, shadow non fear a, psychotic ashes ghost. In willow trees, killer dolls are rotten teeth bite, sheep children virus nibh, in zombies brains unknown ghost creepy. Breathing heavily damp, cold and crying running, stalking slicing stabbing dripping (blood), is creaking screaming 666 at kettle. Haunt sliced at choking cut drool. Death bruises moon torture demon.</p><p>Devil or vampire werewolf wind. Haunt sliced at choking cut drool. Eerie needles edginess, graveyard on death rotten, disturbing non grave. Burie.</p><p>Non guts claw and creature hair-raising decapitated at est. Flames at crazy slicing with murderer gore. killer mental psychotic sliced. Menacing nightmare zombie deranged in stabbing. Graves slice ominous is guns exorcism guts. In horrifying, fear is gnarled murder, ominous eerie Serial killer sinister, with sick chilling agony shaking heart pumping. chainsaw dread full moon, pushed at alley bruises, children is knife. Tearing eyeballs zombie slash. Dungeon in a gruesome, a disembowe.</p><p>Unknown. Suicide Slash demon at convulsing darkness a evil pain burn. Breathing heavily hell and rabid anthrax fanatic tearing at a squeal. Bloodcurdling decomposed zombie in virus scared cat Michael Myers worms. In horrifying, fear i.</p><p>Gnarled murder, ominous eerie Serial killer sinister, with sick chilling agony shaking heart pumping. Haunt tearing murder crying an mental corpse zombies evil, chainsaw motionless gory. Dungeon in a gruesome, a disembowel unknown. Tearing eyeballs zombie slash. Witch ashes eyeball undead, in bury burn hell flames. Blood ashes tearing in drowning spooky at fanatic with murderer. chainsaw dread full moon, pushed at alley bruises.</p><p>Children is knife. Tearing eyeballs zombie slash. Drenched scream scared dark. Haunt sliced at choking cut drool. Blood ashes tearing in drowning spooky at fanatic with murderer. Drenched scream scared dark. Anthrax putrid, disturbing and morbid convulsing, rotten menacing fatal bleak, monstrosity dread with demon scourge terrifying. Edginess anxiety tension, claw at deteriorated in, creep a tear. Cat at decapitated guns. . Gnarled hazardous, gore Michael Myers grav.</p><p>Ripped, trapped daring rotten worms, vampire monstrosity bleak are at flesh. Screams creaking tension kettle our exorcist. Pain needles commodo drool rabid nightmare. Mental hospital sliced drowning. Dark mutilation rotten, Blood hair raising or, blood in eyeball. Evil Michael Myers decomposed corpse. Creep cold graves, shadow non fear a, psychotic ashes ghost. Buried non guts claw and creature hair-raising decapitated at est. Disembowel stab, chains dungeon torment fiendish, gruesom.</p><p>Psychopath monster captive, a mutilation possession obsession at fanatic. Captive Agony deteriorated, fatal or chilling is, grotesque Halloween exorcism. Haunt tearing murder crying an mental corpse zombies evil, chainsaw motionless gory. Horror bowels exorcism grave cut, murderer creature ripped. Eerie needles edginess, graveyard on death rotten, disturbing no.</p><p>Grave. Shriek terror shadow, darkness in tense ac, Motionless drowning Full moon. Shriek terror shadow, darkness in tense ac, Motionless drowning Ful.</p>','image_7.jpg','22222222-2222-2222-2222-222222222222','00000000-0000-0000-0000-000000000000',2,'7/16/17',NULL,'7/16/17',NULL),
		(8, 2, 'Spook Dogg Fizzle My Shizzle', '<p>Lorem ipsum dolor sit amet, consectetur adipiscing elit. Integer nec odio. Praesent libero. Sed cursus ante dapibus diam. Sed nisi. Nulla quis sem at nibh elementum imperdiet. Duis sagittis ipsum. <b>Lorem ipsum dolor sit amet, consectetur adipiscing elit</b>. Praesent mauris. Fusce nec tellus sed augue semper porta. Mauris massa. Vestibulum lacinia arcu eget nulla. Class aptent taciti sociosqu ad litora torquent per conubia nostra, per inceptos himenaeos. Curabitur sodales ligula in libero. </p><p>Sed dignissim lacinia nunc. Curabitur tortor. Pellentesque nibh. <i>Lorem ipsum dolor sit amet, consectetur adipiscing elit</i>. Aenean quam. In scelerisque sem at dolor. Maecenas mattis. Sed convallis tristique sem. <b>Vestibulum lacinia arcu eget nulla</b>. Proin ut ligula vel nunc egestas porttitor. Morbi lectus risus, iaculis vel, suscipit quis, luctus non, massa. Fusce ac turpis quis ligula lacinia aliquet. Mauris ipsum. <b>Aenean quam</b>. Nulla metus metus, ullamcorper vel, tincidunt sed, euismod in, nibh. Quisque volutpat condimentum velit. <i>Lorem ipsum dolor sit amet, consectetur adipiscing elit</i>. Class aptent taciti sociosqu ad litora torquent per conubia nostra, per inceptos himenaeos. </p><p>Nam nec ante. Sed lacinia, urna non tincidunt mattis, tortor neque adipiscing diam, a cursus ipsum ante quis turpis. Nulla facilisi. Ut fringilla. Suspendisse potenti. Nunc feugiat mi a tellus consequat imperdiet. Vestibulum sapien. Proin quam. Etiam ultrices. <i>Maecenas mattis</i>. Suspendisse in justo eu magna luctus suscipit. Sed lectus. Integer euismod lacus luctus magna. </p>','image_8.jpg','33333333-3333-3333-3333-333333333333','33333333-3333-3333-3333-333333333333',2,'7/17/17',NULL,'7/17/17',NULL),
		(9, 2, 'Less Ghosts Expected This Halloween', '<p>Aeromancy alectormancy ambulomancy anthracomancy brontomancy catoptromancy cephalonomancy coscinomancy crystalomancy eromancy geloscopy geomancy haruspication hieroscopy hypnomancy keraunoscopia logomancy narcomancy necyomancy odontomancy ololygmancy oryctomancy pyromancy rhapsodomancy scapulomancy sideromancy spheromancy tyromancy xenomancy. Ailuromancy axinomancy bibliomancy botanomancy brontomancy cartomancy chaomancy crithomancy critomancy hematomancy hieromancy kephalonomancy lithomancy logarithmancy meconomancy odontomancy ololygmancy omphalomancy onomancy onymancy oomancy ophidiomancy retromancy rhabdomancy scatoscopy sideromancy spheromancy thumomancy tiromancy topomancy. Anthracomancy crystalomancy knissomancy lithomancy logomancy metopomancy omoplatoscopy ouranomancy pyromancy spasmatomancy thumomancy.</p><p>Alectormancy belomancy cleidomancy crystallomancy ichnomancy lithomancy logomancy myomancy omoplatoscopy onomancy stolisomancy theomancy xylomancy. Acultomancy alectryomancy aleuromancy botanomancy ceraunoscopy cleidomancy critomancy knissomancy oinomancy psephomancy spatilomancy tephromancy trochomancy. Alectormancy austromancy belomancy causimancy ceraunoscopy dactyliomancy hydromancy kephalonomancy maculomancy meconomancy oinomancy ossomancy ouranomancy spatilomancy spheromancy thrioboly. Aleuromancy bibliomancy ceroscopy crystallomancy crystalomancy dririmancy haruspication hieroscopy lecanomancy logomancy oenomancy onymancy phyllomancy sortilege spheromancy urimancy. Arithmancy austromancy botanomancy brontomancy cleidomancy cleromancy grafology logomancy macromancy oenomancy pedomancy sideromancy stolisomancy.</p><p>Aleuromancy batraquomancy ceneromancy cleromancy lampadomancy narcomancy physiognomancy psephomancy scatoscopy spheromancy topomancy. Anthomancy batraquomancy brontomancy cleidomancy crystallomancy gyromancy lampadomancy metoposcopy spatilomancy spodomancy stolisomancy. Alomancy astromancy chiromancy cleromancy conchomancy graptomancy hieromancy hydromancy kephalonomancy ouranomancy pyromancy stercomancy. Anthomancy armomancy batraquomancy belomancy ceneromancy ceromancy chirognomy crithomancy critomancy hieromancy hydromancy logarithmancy myomancy odontomancy oneiromancy osteomancy pedomancy pegomancy scapulomancy stichomancy thumomancy urimancy xylomancy. Aleuromancy apantomancy armomancy botanomancy capnomancy catoptromancy coscinomancy critomancy cromnyomancy enoptromancy halomancy ichnomancy macromancy margaritomancy myomancy necyomancy nomancy ololygmancy oneiromancy onomancy onymancy oryctomancy ossomancy osteomancy retromancy spheromancy stolisomancy uranomancy.</p><p>Acultomancy astragalomancy cartomancy catoptromancy causimancy ceneromancy crithomancy dactyliomancy extispicy halomancy hepatoscopy ichthyomancy margaritomancy narcomancy nomancy osteomancy pedomancy pegomancy phyllomancy scatomancy. Aspidomancy austromancy bibliomancy ceraunoscopy cleromancy crithomancy crystallomancy dririmancy hematomancy ichnomancy keraunoscopia lecanomancy logarithmancy micromancy oinomancy ololygmancy omoplatoscopy stercomancy stolisomancy topomancy. Ailuromancy brontomancy chronomancy cleromancy ichthyomancy iconomancy mathemancy meconomancy ophidiomancy ouranomancy sciomancy selenomancy tiromancy. Axinomancy capnomancy ceneromancy ceraunomancy ceroscopy cromnyomancy crystallomancy dactyliomancy enoptromancy eromancy halomancy idolomancy knissomancy lithomancy margaritomancy meteoromancy metopomancy oinomancy onychomancy rhabdomancy spheromancy sycomancy theomancy.</p>','image_9.jpg','00000000-0000-0000-0000-000000000000','00000000-0000-0000-0000-000000000000',2,'7/18/17',NULL,'7/20/17',NULL),
		(10, 2, 'Looking For Ghost Speaker', '<p>Acumen antares cravat denouement euphony litterateur monomaniac quiescence schooner-rigged smack sedge sinciput swammerdamm. Avoirdupois azrael batavia beguiling coquetries crebillon de beranger decamped disinter eschew fastidious laconic norman palliative petulantly precocity runic. A pipe of accoutred alarum appennines ardor arts of the toilet bugaboo chaise longue colloquy disapprobation freemasons incubus lethe monody pallas passes for amontillado ptolemy purloined rheum scholiasts simoom verdant vicissitudes. Archipelago bon ton cameos carathis clandestinely cupola eidolon foolscap gingham glutinous gorgias gunwale homoeopathists leibnitz nourjahad phantasmagoric psyche raconteur sir george cayley tadmor unfeigned venerable xerxes.</p><p>Achilles heel acrid asphaltum asphytic cassock castellated charnel disconsolate dogma ducal fuseli galvanic gelatinous hessian immolation mansardes metaphor monomania ocular penuriousness placid propitious ptolemy scintillating scruples tadmor thule welsh rabbit. Austere axiom cupola halcyon lady rowena trevanion parisian posteriori prevarication propitious scarabaeus soliloquy stertorous tadmor taffrail. Axiom beguiling cartilaginous charnel chiromancy chirurgical journal cloister dodona domiciliary entrails flambeau gainsayed homoeopathists impunity invention of hero java leibnitz maison monomaniac nemo me impune lacessit obtuse pallid phrenologist rue swedenborg syncope tinctured trumpery vociferated.</p><p>Abstruse achilles heel author of the chronicles cameos cotopaxi despotism fag end galvanic gesticulations ineffable kirschenwasser larboard mien moresque mummer nemo me impune lacessit outre partisan pectoral muscles poop roquelaire tertullian venerable. Arts of the toilet cameos catalepsy clairvoyance decorum fetid horticulturist nicholas klimm rapture rara avis in terris. Aghast apothegm ashtophet avator belphegor of machiavelli bon ton brocade caricature cassock demur disapprobation erudition facilis descensus averni fag end francs gendarme girting in articulo mortis mesmer nemo me impune lacessit parallelogram pasquinaded prima donna ribands sagacious scholiasts studding-sail thunderstricken trepanning.</p>','image_10.jpg','00000000-0000-0000-0000-000000000000','11111111-1111-1111-1111-111111111111',2,'7/20/17',NULL,'7/29/17',NULL),
		(11, 2, 'When Hairy Met Scary', '<p>Paladin beleg strongbow deathless desolation of the morannon ered nimrais haldan king of the noldor mithe strawheads tuckborough. Armor class pitchfork argonath arvernien axe of tuor fourth age galenas gate of the noldor haven-finder king of calenardhon master morgul rock of the music of water rose gamgee shadow host sirannon telumehtar thrihyrne two watchers underhill village utumno white lady of the noldor wood-demons. Energy charge total cover aros bree-hill bunce gorthol gothmog, lord of balrogs morwen of lossarnach nimrodel, river orcs snails thanksgiving to eru white downs woody end. Half speed reaction swarm subtype bespoke swag angrenost beren of gondor cram day of doom dimbar flambard took forest forgoil great road (north to south) gundor lassemista merry gamgee mouth of sauron ring of doom rodyn shuddering water thangorodrim vinitharya.</p><p>Pattern subschool protection domain whatever amon darthir arda ashes belthil chubb-baggins erling far-wanderer firefoot foamriders gates of mordor gorthol grey havens land of the dead that live lords of the valar men of dorthonion monendei nimrodel, river noldo ringwraiths southlinch thistle brook voles westfolders. Spell-like ability spontaneous casting loko organic sweater aglon amon lhaw angelimir bilbo baggins brandir brandywine bridge circles of the world elven-kings ethir anduin gilraen green hill country kelvar lady of the seas last alliance of elves and men lord of mordor magic ring osgiliath shire-thain swanhaven thrushes tyrn gorthad yuledays. Awakening of men certar gate-keepers girdle of melian heribald bolger lanthir lamath lithe, in the calendar of bree mewlips orodruin.</p><p>Casting time chaos domain sustainable astar brandywine bridge brithon buck hill durin vi hidden realm laer lily brown masterful pallando parth galen staddle stoningland tauremorna tom bombadil yearbook of tuckborough. Temporary hit points anor elendil erui first marshal of the riddermark grubb guarded plain longfather-tree of master samwise lord of nogrod one quendi river-woman tower of the rising moon. Astral plane fate domain paralyzed helvetica budgeford daddy twofoot gate of the dead idril celebrindal isengrim took ii mithrim, lake thistle brook william huggins. Attack of opportunity blown away smoke effects andaith falathrim free peoples gandalf gelmir of angrods people halethrim long lake mede pines powers of the world rerir silver crown snowmane star of the north kingdom sterday steward of gondor talath dirnen tar-elendil third marshal of the riddermark thrimich.</p>','image_11.jpg','33333333-3333-3333-3333-333333333333','00000000-0000-0000-0000-000000000000',1,'7/10/17',NULL,'7/20/17',NULL),
		(12, 2, 'Who Is Your Ghost Protector', '<p>Acumen antares cravat denouement euphony litterateur monomaniac quiescence schooner-rigged smack sedge sinciput swammerdamm. Avoirdupois azrael batavia beguiling coquetries crebillon de beranger decamped disinter eschew fastidious laconic norman palliative petulantly precocity runic. A pipe of accoutred alarum appennines ardor arts of the toilet bugaboo chaise longue colloquy disapprobation freemasons incubus lethe monody pallas passes for amontillado ptolemy purloined rheum scholiasts simoom verdant vicissitudes. Archipelago bon ton cameos carathis clandestinely cupola eidolon foolscap gingham glutinous gorgias gunwale homoeopathists leibnitz nourjahad phantasmagoric psyche raconteur sir george cayley tadmor unfeigned venerable xerxes.</p><p>Achilles heel acrid asphaltum asphytic cassock castellated charnel disconsolate dogma ducal fuseli galvanic gelatinous hessian immolation mansardes metaphor monomania ocular penuriousness placid propitious ptolemy scintillating scruples tadmor thule welsh rabbit. Austere axiom cupola halcyon lady rowena trevanion parisian posteriori prevarication propitious scarabaeus soliloquy stertorous tadmor taffrail. Axiom beguiling cartilaginous charnel chiromancy chirurgical journal cloister dodona domiciliary entrails flambeau gainsayed homoeopathists impunity invention of hero java leibnitz maison monomaniac nemo me impune lacessit obtuse pallid phrenologist rue swedenborg syncope tinctured trumpery vociferated.</p><p>Abstruse achilles heel author of the chronicles cameos cotopaxi despotism fag end galvanic gesticulations ineffable kirschenwasser larboard mien moresque mummer nemo me impune lacessit outre partisan pectoral muscles poop roquelaire tertullian venerable. Arts of the toilet cameos catalepsy clairvoyance decorum fetid horticulturist nicholas klimm rapture rara avis in terris. Aghast apothegm ashtophet avator belphegor of machiavelli bon ton brocade caricature cassock demur disapprobation erudition facilis descensus averni fag end francs gendarme girting in articulo mortis mesmer nemo me impune lacessit parallelogram pasquinaded prima donna ribands sagacious scholiasts studding-sail thunderstricken trepanning.</p>','image_12.jpg','22222222-2222-2222-2222-222222222222','11111111-1111-1111-1111-111111111111',2,'7/11/17',NULL,'7/20/17',NULL),
		(13, 2, 'Unlucky Ghosting', '<p>Creep cold graves, shadow non fear a, psychotic ashes ghost. In willow trees, killer dolls are rotten teeth bite, sheep children virus nibh, in zombies brains unknown ghost creepy. Breathing heavily damp, cold and crying running, stalking slicing stabbing dripping (blood), is creaking screaming 666 at kettle. Haunt sliced at choking cut drool. Death bruises moon torture demon.</p><p>Devil or vampire werewolf wind. Haunt sliced at choking cut drool. Eerie needles edginess, graveyard on death rotten, disturbing non grave. Burie.</p><p>Non guts claw and creature hair-raising decapitated at est. Flames at crazy slicing with murderer gore. killer mental psychotic sliced. Menacing nightmare zombie deranged in stabbing. Graves slice ominous is guns exorcism guts. In horrifying, fear is gnarled murder, ominous eerie Serial killer sinister, with sick chilling agony shaking heart pumping. chainsaw dread full moon, pushed at alley bruises, children is knife. Tearing eyeballs zombie slash. Dungeon in a gruesome, a disembowe.</p><p>Unknown. Suicide Slash demon at convulsing darkness a evil pain burn. Breathing heavily hell and rabid anthrax fanatic tearing at a squeal. Bloodcurdling decomposed zombie in virus scared cat Michael Myers worms. In horrifying, fear i.</p><p>Gnarled murder, ominous eerie Serial killer sinister, with sick chilling agony shaking heart pumping. Haunt tearing murder crying an mental corpse zombies evil, chainsaw motionless gory. Dungeon in a gruesome, a disembowel unknown. Tearing eyeballs zombie slash. Witch ashes eyeball undead, in bury burn hell flames. Blood ashes tearing in drowning spooky at fanatic with murderer. chainsaw dread full moon, pushed at alley bruises.</p><p>Children is knife. Tearing eyeballs zombie slash. Drenched scream scared dark. Haunt sliced at choking cut drool. Blood ashes tearing in drowning spooky at fanatic with murderer. Drenched scream scared dark. Anthrax putrid, disturbing and morbid convulsing, rotten menacing fatal bleak, monstrosity dread with demon scourge terrifying. Edginess anxiety tension, claw at deteriorated in, creep a tear. Cat at decapitated guns. . Gnarled hazardous, gore Michael Myers grav.</p><p>Ripped, trapped daring rotten worms, vampire monstrosity bleak are at flesh. Screams creaking tension kettle our exorcist. Pain needles commodo drool rabid nightmare. Mental hospital sliced drowning. Dark mutilation rotten, Blood hair raising or, blood in eyeball. Evil Michael Myers decomposed corpse. Creep cold graves, shadow non fear a, psychotic ashes ghost. Buried non guts claw and creature hair-raising decapitated at est. Disembowel stab, chains dungeon torment fiendish, gruesom.</p><p>Psychopath monster captive, a mutilation possession obsession at fanatic. Captive Agony deteriorated, fatal or chilling is, grotesque Halloween exorcism. Haunt tearing murder crying an mental corpse zombies evil, chainsaw motionless gory. Horror bowels exorcism grave cut, murderer creature ripped. Eerie needles edginess, graveyard on death rotten, disturbing no.</p><p>Grave. Shriek terror shadow, darkness in tense ac, Motionless drowning Full moon. Shriek terror shadow, darkness in tense ac, Motionless drowning Ful.</p>','image_13.jpg','00000000-0000-0000-0000-000000000000','11111111-1111-1111-1111-111111111111',2,'7/12/17',NULL,'7/12/17',NULL),
		(14, 2, 'How To Find Your Inner Ghost', '<p>Lorem ipsum dolor sit amet, consectetur adipiscing elit. Integer nec odio. Praesent libero. Sed cursus ante dapibus diam. Sed nisi. Nulla quis sem at nibh elementum imperdiet. Duis sagittis ipsum. <b>Lorem ipsum dolor sit amet, consectetur adipiscing elit</b>. Praesent mauris. Fusce nec tellus sed augue semper porta. Mauris massa. Vestibulum lacinia arcu eget nulla. Class aptent taciti sociosqu ad litora torquent per conubia nostra, per inceptos himenaeos. Curabitur sodales ligula in libero. </p><p>Sed dignissim lacinia nunc. Curabitur tortor. Pellentesque nibh. <i>Lorem ipsum dolor sit amet, consectetur adipiscing elit</i>. Aenean quam. In scelerisque sem at dolor. Maecenas mattis. Sed convallis tristique sem. <b>Vestibulum lacinia arcu eget nulla</b>. Proin ut ligula vel nunc egestas porttitor. Morbi lectus risus, iaculis vel, suscipit quis, luctus non, massa. Fusce ac turpis quis ligula lacinia aliquet. Mauris ipsum. <b>Aenean quam</b>. Nulla metus metus, ullamcorper vel, tincidunt sed, euismod in, nibh. Quisque volutpat condimentum velit. <i>Lorem ipsum dolor sit amet, consectetur adipiscing elit</i>. Class aptent taciti sociosqu ad litora torquent per conubia nostra, per inceptos himenaeos. </p><p>Nam nec ante. Sed lacinia, urna non tincidunt mattis, tortor neque adipiscing diam, a cursus ipsum ante quis turpis. Nulla facilisi. Ut fringilla. Suspendisse potenti. Nunc feugiat mi a tellus consequat imperdiet. Vestibulum sapien. Proin quam. Etiam ultrices. <i>Maecenas mattis</i>. Suspendisse in justo eu magna luctus suscipit. Sed lectus. Integer euismod lacus luctus magna. </p>','image_14.jpg','00000000-0000-0000-0000-000000000000','33333333-3333-3333-3333-333333333333',2,'7/23/17',NULL,'7/26/17',NULL),
		(15, 2, 'Ghastly Ghosts', '<p>Aeromancy alectormancy ambulomancy anthracomancy brontomancy catoptromancy cephalonomancy coscinomancy crystalomancy eromancy geloscopy geomancy haruspication hieroscopy hypnomancy keraunoscopia logomancy narcomancy necyomancy odontomancy ololygmancy oryctomancy pyromancy rhapsodomancy scapulomancy sideromancy spheromancy tyromancy xenomancy. Ailuromancy axinomancy bibliomancy botanomancy brontomancy cartomancy chaomancy crithomancy critomancy hematomancy hieromancy kephalonomancy lithomancy logarithmancy meconomancy odontomancy ololygmancy omphalomancy onomancy onymancy oomancy ophidiomancy retromancy rhabdomancy scatoscopy sideromancy spheromancy thumomancy tiromancy topomancy. Anthracomancy crystalomancy knissomancy lithomancy logomancy metopomancy omoplatoscopy ouranomancy pyromancy spasmatomancy thumomancy.</p><p>Alectormancy belomancy cleidomancy crystallomancy ichnomancy lithomancy logomancy myomancy omoplatoscopy onomancy stolisomancy theomancy xylomancy. Acultomancy alectryomancy aleuromancy botanomancy ceraunoscopy cleidomancy critomancy knissomancy oinomancy psephomancy spatilomancy tephromancy trochomancy. Alectormancy austromancy belomancy causimancy ceraunoscopy dactyliomancy hydromancy kephalonomancy maculomancy meconomancy oinomancy ossomancy ouranomancy spatilomancy spheromancy thrioboly. Aleuromancy bibliomancy ceroscopy crystallomancy crystalomancy dririmancy haruspication hieroscopy lecanomancy logomancy oenomancy onymancy phyllomancy sortilege spheromancy urimancy. Arithmancy austromancy botanomancy brontomancy cleidomancy cleromancy grafology logomancy macromancy oenomancy pedomancy sideromancy stolisomancy.</p><p>Aleuromancy batraquomancy ceneromancy cleromancy lampadomancy narcomancy physiognomancy psephomancy scatoscopy spheromancy topomancy. Anthomancy batraquomancy brontomancy cleidomancy crystallomancy gyromancy lampadomancy metoposcopy spatilomancy spodomancy stolisomancy. Alomancy astromancy chiromancy cleromancy conchomancy graptomancy hieromancy hydromancy kephalonomancy ouranomancy pyromancy stercomancy. Anthomancy armomancy batraquomancy belomancy ceneromancy ceromancy chirognomy crithomancy critomancy hieromancy hydromancy logarithmancy myomancy odontomancy oneiromancy osteomancy pedomancy pegomancy scapulomancy stichomancy thumomancy urimancy xylomancy. Aleuromancy apantomancy armomancy botanomancy capnomancy catoptromancy coscinomancy critomancy cromnyomancy enoptromancy halomancy ichnomancy macromancy margaritomancy myomancy necyomancy nomancy ololygmancy oneiromancy onomancy onymancy oryctomancy ossomancy osteomancy retromancy spheromancy stolisomancy uranomancy.</p><p>Acultomancy astragalomancy cartomancy catoptromancy causimancy ceneromancy crithomancy dactyliomancy extispicy halomancy hepatoscopy ichthyomancy margaritomancy narcomancy nomancy osteomancy pedomancy pegomancy phyllomancy scatomancy. Aspidomancy austromancy bibliomancy ceraunoscopy cleromancy crithomancy crystallomancy dririmancy hematomancy ichnomancy keraunoscopia lecanomancy logarithmancy micromancy oinomancy ololygmancy omoplatoscopy stercomancy stolisomancy topomancy. Ailuromancy brontomancy chronomancy cleromancy ichthyomancy iconomancy mathemancy meconomancy ophidiomancy ouranomancy sciomancy selenomancy tiromancy. Axinomancy capnomancy ceneromancy ceraunomancy ceroscopy cromnyomancy crystallomancy dactyliomancy enoptromancy eromancy halomancy idolomancy knissomancy lithomancy margaritomancy meteoromancy metopomancy oinomancy onychomancy rhabdomancy spheromancy sycomancy theomancy.</p>','image_15.jpg','11111111-1111-1111-1111-111111111111','11111111-1111-1111-1111-111111111111',2,'7/24/17',NULL,'7/25/17',NULL),
		(16, 2, 'Haunted Software Guild Space for Rent', '<p>Acumen antares cravat denouement euphony litterateur monomaniac quiescence schooner-rigged smack sedge sinciput swammerdamm. Avoirdupois azrael batavia beguiling coquetries crebillon de beranger decamped disinter eschew fastidious laconic norman palliative petulantly precocity runic. A pipe of accoutred alarum appennines ardor arts of the toilet bugaboo chaise longue colloquy disapprobation freemasons incubus lethe monody pallas passes for amontillado ptolemy purloined rheum scholiasts simoom verdant vicissitudes. Archipelago bon ton cameos carathis clandestinely cupola eidolon foolscap gingham glutinous gorgias gunwale homoeopathists leibnitz nourjahad phantasmagoric psyche raconteur sir george cayley tadmor unfeigned venerable xerxes.</p><p>Achilles heel acrid asphaltum asphytic cassock castellated charnel disconsolate dogma ducal fuseli galvanic gelatinous hessian immolation mansardes metaphor monomania ocular penuriousness placid propitious ptolemy scintillating scruples tadmor thule welsh rabbit. Austere axiom cupola halcyon lady rowena trevanion parisian posteriori prevarication propitious scarabaeus soliloquy stertorous tadmor taffrail. Axiom beguiling cartilaginous charnel chiromancy chirurgical journal cloister dodona domiciliary entrails flambeau gainsayed homoeopathists impunity invention of hero java leibnitz maison monomaniac nemo me impune lacessit obtuse pallid phrenologist rue swedenborg syncope tinctured trumpery vociferated.</p><p>Abstruse achilles heel author of the chronicles cameos cotopaxi despotism fag end galvanic gesticulations ineffable kirschenwasser larboard mien moresque mummer nemo me impune lacessit outre partisan pectoral muscles poop roquelaire tertullian venerable. Arts of the toilet cameos catalepsy clairvoyance decorum fetid horticulturist nicholas klimm rapture rara avis in terris. Aghast apothegm ashtophet avator belphegor of machiavelli bon ton brocade caricature cassock demur disapprobation erudition facilis descensus averni fag end francs gendarme girting in articulo mortis mesmer nemo me impune lacessit parallelogram pasquinaded prima donna ribands sagacious scholiasts studding-sail thunderstricken trepanning.</p>','image_16.jpg','00000000-0000-0000-0000-000000000000','00000000-0000-0000-0000-000000000000',2,'7/10/17',NULL,'7/10/17',NULL),
		(17, 2, 'Family Has Trouble Selling Slightly Haunted House', '<p>Paladin beleg strongbow deathless desolation of the morannon ered nimrais haldan king of the noldor mithe strawheads tuckborough. Armor class pitchfork argonath arvernien axe of tuor fourth age galenas gate of the noldor haven-finder king of calenardhon master morgul rock of the music of water rose gamgee shadow host sirannon telumehtar thrihyrne two watchers underhill village utumno white lady of the noldor wood-demons. Energy charge total cover aros bree-hill bunce gorthol gothmog, lord of balrogs morwen of lossarnach nimrodel, river orcs snails thanksgiving to eru white downs woody end. Half speed reaction swarm subtype bespoke swag angrenost beren of gondor cram day of doom dimbar flambard took forest forgoil great road (north to south) gundor lassemista merry gamgee mouth of sauron ring of doom rodyn shuddering water thangorodrim vinitharya.</p><p>Pattern subschool protection domain whatever amon darthir arda ashes belthil chubb-baggins erling far-wanderer firefoot foamriders gates of mordor gorthol grey havens land of the dead that live lords of the valar men of dorthonion monendei nimrodel, river noldo ringwraiths southlinch thistle brook voles westfolders. Spell-like ability spontaneous casting loko organic sweater aglon amon lhaw angelimir bilbo baggins brandir brandywine bridge circles of the world elven-kings ethir anduin gilraen green hill country kelvar lady of the seas last alliance of elves and men lord of mordor magic ring osgiliath shire-thain swanhaven thrushes tyrn gorthad yuledays. Awakening of men certar gate-keepers girdle of melian heribald bolger lanthir lamath lithe, in the calendar of bree mewlips orodruin.</p><p>Casting time chaos domain sustainable astar brandywine bridge brithon buck hill durin vi hidden realm laer lily brown masterful pallando parth galen staddle stoningland tauremorna tom bombadil yearbook of tuckborough. Temporary hit points anor elendil erui first marshal of the riddermark grubb guarded plain longfather-tree of master samwise lord of nogrod one quendi river-woman tower of the rising moon. Astral plane fate domain paralyzed helvetica budgeford daddy twofoot gate of the dead idril celebrindal isengrim took ii mithrim, lake thistle brook william huggins. Attack of opportunity blown away smoke effects andaith falathrim free peoples gandalf gelmir of angrods people halethrim long lake mede pines powers of the world rerir silver crown snowmane star of the north kingdom sterday steward of gondor talath dirnen tar-elendil third marshal of the riddermark thrimich.</p>','image_17.jpg','00000000-0000-0000-0000-000000000000','11111111-1111-1111-1111-111111111111',2,'7/11/17',NULL,'7/11/17',NULL),
		(18, 2, 'How to Fire Your Ghosts and Hire New Ones', '<p>You are Fired!</p><p>Aeromancy alectormancy ambulomancy anthracomancy brontomancy catoptromancy cephalonomancy coscinomancy crystalomancy eromancy geloscopy geomancy haruspication hieroscopy hypnomancy keraunoscopia logomancy narcomancy necyomancy odontomancy ololygmancy oryctomancy pyromancy rhapsodomancy scapulomancy sideromancy spheromancy tyromancy xenomancy. Ailuromancy axinomancy bibliomancy botanomancy brontomancy cartomancy chaomancy crithomancy critomancy hematomancy hieromancy kephalonomancy lithomancy logarithmancy meconomancy odontomancy ololygmancy omphalomancy onomancy onymancy oomancy ophidiomancy retromancy rhabdomancy scatoscopy sideromancy spheromancy thumomancy tiromancy topomancy. Anthracomancy crystalomancy knissomancy lithomancy logomancy metopomancy omoplatoscopy ouranomancy pyromancy spasmatomancy thumomancy.</p><p>Alectormancy belomancy cleidomancy crystallomancy ichnomancy lithomancy logomancy myomancy omoplatoscopy onomancy stolisomancy theomancy xylomancy. Acultomancy alectryomancy aleuromancy botanomancy ceraunoscopy cleidomancy critomancy knissomancy oinomancy psephomancy spatilomancy tephromancy trochomancy. Alectormancy austromancy belomancy causimancy ceraunoscopy dactyliomancy hydromancy kephalonomancy maculomancy meconomancy oinomancy ossomancy ouranomancy spatilomancy spheromancy thrioboly. Aleuromancy bibliomancy ceroscopy crystallomancy crystalomancy dririmancy haruspication hieroscopy lecanomancy logomancy oenomancy onymancy phyllomancy sortilege spheromancy urimancy. Arithmancy austromancy botanomancy brontomancy cleidomancy cleromancy grafology logomancy macromancy oenomancy pedomancy sideromancy stolisomancy.</p><p>Aleuromancy batraquomancy ceneromancy cleromancy lampadomancy narcomancy physiognomancy psephomancy scatoscopy spheromancy topomancy. Anthomancy batraquomancy brontomancy cleidomancy crystallomancy gyromancy lampadomancy metoposcopy spatilomancy spodomancy stolisomancy. Alomancy astromancy chiromancy cleromancy conchomancy graptomancy hieromancy hydromancy kephalonomancy ouranomancy pyromancy stercomancy. Anthomancy armomancy batraquomancy belomancy ceneromancy ceromancy chirognomy crithomancy critomancy hieromancy hydromancy logarithmancy myomancy odontomancy oneiromancy osteomancy pedomancy pegomancy scapulomancy stichomancy thumomancy urimancy xylomancy. Aleuromancy apantomancy armomancy botanomancy capnomancy catoptromancy coscinomancy critomancy cromnyomancy enoptromancy halomancy ichnomancy macromancy margaritomancy myomancy necyomancy nomancy ololygmancy oneiromancy onomancy onymancy oryctomancy ossomancy osteomancy retromancy spheromancy stolisomancy uranomancy.</p><p>Acultomancy astragalomancy cartomancy catoptromancy causimancy ceneromancy crithomancy dactyliomancy extispicy halomancy hepatoscopy ichthyomancy margaritomancy narcomancy nomancy osteomancy pedomancy pegomancy phyllomancy scatomancy. Aspidomancy austromancy bibliomancy ceraunoscopy cleromancy crithomancy crystallomancy dririmancy hematomancy ichnomancy keraunoscopia lecanomancy logarithmancy micromancy oinomancy ololygmancy omoplatoscopy stercomancy stolisomancy topomancy. Ailuromancy brontomancy chronomancy cleromancy ichthyomancy iconomancy mathemancy meconomancy ophidiomancy ouranomancy sciomancy selenomancy tiromancy. Axinomancy capnomancy ceneromancy ceraunomancy ceroscopy cromnyomancy crystallomancy dactyliomancy enoptromancy eromancy halomancy idolomancy knissomancy lithomancy margaritomancy meteoromancy metopomancy oinomancy onychomancy rhabdomancy spheromancy sycomancy theomancy.</p>','image_18.jpg','22222222-2222-2222-2222-222222222222','22222222-2222-2222-2222-222222222222',1,'7/12/17',NULL,'7/12/17',NULL),
		(19, 2, 'Game of Ghosts', '<p>Creep cold graves, shadow non fear a, psychotic ashes ghost. In willow trees, killer dolls are rotten teeth bite, sheep children virus nibh, in zombies brains unknown ghost creepy. Breathing heavily damp, cold and crying running, stalking slicing stabbing dripping (blood), is creaking screaming 666 at kettle. Haunt sliced at choking cut drool. Death bruises moon torture demon.</p><p>Devil or vampire werewolf wind. Haunt sliced at choking cut drool. Eerie needles edginess, graveyard on death rotten, disturbing non grave. Burie.</p><p>Non guts claw and creature hair-raising decapitated at est. Flames at crazy slicing with murderer gore. killer mental psychotic sliced. Menacing nightmare zombie deranged in stabbing. Graves slice ominous is guns exorcism guts. In horrifying, fear is gnarled murder, ominous eerie Serial killer sinister, with sick chilling agony shaking heart pumping. chainsaw dread full moon, pushed at alley bruises, children is knife. Tearing eyeballs zombie slash. Dungeon in a gruesome, a disembowe.</p><p>Unknown. Suicide Slash demon at convulsing darkness a evil pain burn. Breathing heavily hell and rabid anthrax fanatic tearing at a squeal. Bloodcurdling decomposed zombie in virus scared cat Michael Myers worms. In horrifying, fear i.</p><p>Gnarled murder, ominous eerie Serial killer sinister, with sick chilling agony shaking heart pumping. Haunt tearing murder crying an mental corpse zombies evil, chainsaw motionless gory. Dungeon in a gruesome, a disembowel unknown. Tearing eyeballs zombie slash. Witch ashes eyeball undead, in bury burn hell flames. Blood ashes tearing in drowning spooky at fanatic with murderer. chainsaw dread full moon, pushed at alley bruises.</p><p>Children is knife. Tearing eyeballs zombie slash. Drenched scream scared dark. Haunt sliced at choking cut drool. Blood ashes tearing in drowning spooky at fanatic with murderer. Drenched scream scared dark. Anthrax putrid, disturbing and morbid convulsing, rotten menacing fatal bleak, monstrosity dread with demon scourge terrifying. Edginess anxiety tension, claw at deteriorated in, creep a tear. Cat at decapitated guns. . Gnarled hazardous, gore Michael Myers grav.</p><p>Ripped, trapped daring rotten worms, vampire monstrosity bleak are at flesh. Screams creaking tension kettle our exorcist. Pain needles commodo drool rabid nightmare. Mental hospital sliced drowning. Dark mutilation rotten, Blood hair raising or, blood in eyeball. Evil Michael Myers decomposed corpse. Creep cold graves, shadow non fear a, psychotic ashes ghost. Buried non guts claw and creature hair-raising decapitated at est. Disembowel stab, chains dungeon torment fiendish, gruesom.</p><p>Psychopath monster captive, a mutilation possession obsession at fanatic. Captive Agony deteriorated, fatal or chilling is, grotesque Halloween exorcism. Haunt tearing murder crying an mental corpse zombies evil, chainsaw motionless gory. Horror bowels exorcism grave cut, murderer creature ripped. Eerie needles edginess, graveyard on death rotten, disturbing no.</p><p>Grave. Shriek terror shadow, darkness in tense ac, Motionless drowning Full moon. Shriek terror shadow, darkness in tense ac, Motionless drowning Ful.</p>','image_19.jpg','11111111-1111-1111-1111-111111111111','33333333-3333-3333-3333-333333333333',1,'7/10/17',NULL,'7/13/17',NULL),
		(20, 2, 'Testing for Paranormal Behavior', '<p>Lorem ipsum dolor sit amet, consectetur adipiscing elit. Integer nec odio. Praesent libero. Sed cursus ante dapibus diam. Sed nisi. Nulla quis sem at nibh elementum imperdiet. Duis sagittis ipsum. <b>Lorem ipsum dolor sit amet, consectetur adipiscing elit</b>. Praesent mauris. Fusce nec tellus sed augue semper porta. Mauris massa. Vestibulum lacinia arcu eget nulla. Class aptent taciti sociosqu ad litora torquent per conubia nostra, per inceptos himenaeos. Curabitur sodales ligula in libero. </p><p>Sed dignissim lacinia nunc. Curabitur tortor. Pellentesque nibh. <i>Lorem ipsum dolor sit amet, consectetur adipiscing elit</i>. Aenean quam. In scelerisque sem at dolor. Maecenas mattis. Sed convallis tristique sem. <b>Vestibulum lacinia arcu eget nulla</b>. Proin ut ligula vel nunc egestas porttitor. Morbi lectus risus, iaculis vel, suscipit quis, luctus non, massa. Fusce ac turpis quis ligula lacinia aliquet. Mauris ipsum. <b>Aenean quam</b>. Nulla metus metus, ullamcorper vel, tincidunt sed, euismod in, nibh. Quisque volutpat condimentum velit. <i>Lorem ipsum dolor sit amet, consectetur adipiscing elit</i>. Class aptent taciti sociosqu ad litora torquent per conubia nostra, per inceptos himenaeos. </p><p>Nam nec ante. Sed lacinia, urna non tincidunt mattis, tortor neque adipiscing diam, a cursus ipsum ante quis turpis. Nulla facilisi. Ut fringilla. Suspendisse potenti. Nunc feugiat mi a tellus consequat imperdiet. Vestibulum sapien. Proin quam. Etiam ultrices. <i>Maecenas mattis</i>. Suspendisse in justo eu magna luctus suscipit. Sed lectus. Integer euismod lacus luctus magna. </p>','image_20.jpg','00000000-0000-0000-0000-000000000000','00000000-0000-0000-0000-000000000000',2,'7/14/17',NULL,'7/10/17',NULL),
		(21, 2, 'Ghosts Are Real', '<p>Aeromancy alectormancy ambulomancy anthracomancy brontomancy catoptromancy cephalonomancy coscinomancy crystalomancy eromancy geloscopy geomancy haruspication hieroscopy hypnomancy keraunoscopia logomancy narcomancy necyomancy odontomancy ololygmancy oryctomancy pyromancy rhapsodomancy scapulomancy sideromancy spheromancy tyromancy xenomancy. Ailuromancy axinomancy bibliomancy botanomancy brontomancy cartomancy chaomancy crithomancy critomancy hematomancy hieromancy kephalonomancy lithomancy logarithmancy meconomancy odontomancy ololygmancy omphalomancy onomancy onymancy oomancy ophidiomancy retromancy rhabdomancy scatoscopy sideromancy spheromancy thumomancy tiromancy topomancy. Anthracomancy crystalomancy knissomancy lithomancy logomancy metopomancy omoplatoscopy ouranomancy pyromancy spasmatomancy thumomancy.</p><p>Alectormancy belomancy cleidomancy crystallomancy ichnomancy lithomancy logomancy myomancy omoplatoscopy onomancy stolisomancy theomancy xylomancy. Acultomancy alectryomancy aleuromancy botanomancy ceraunoscopy cleidomancy critomancy knissomancy oinomancy psephomancy spatilomancy tephromancy trochomancy. Alectormancy austromancy belomancy causimancy ceraunoscopy dactyliomancy hydromancy kephalonomancy maculomancy meconomancy oinomancy ossomancy ouranomancy spatilomancy spheromancy thrioboly. Aleuromancy bibliomancy ceroscopy crystallomancy crystalomancy dririmancy haruspication hieroscopy lecanomancy logomancy oenomancy onymancy phyllomancy sortilege spheromancy urimancy. Arithmancy austromancy botanomancy brontomancy cleidomancy cleromancy grafology logomancy macromancy oenomancy pedomancy sideromancy stolisomancy.</p><p>Aleuromancy batraquomancy ceneromancy cleromancy lampadomancy narcomancy physiognomancy psephomancy scatoscopy spheromancy topomancy. Anthomancy batraquomancy brontomancy cleidomancy crystallomancy gyromancy lampadomancy metoposcopy spatilomancy spodomancy stolisomancy. Alomancy astromancy chiromancy cleromancy conchomancy graptomancy hieromancy hydromancy kephalonomancy ouranomancy pyromancy stercomancy. Anthomancy armomancy batraquomancy belomancy ceneromancy ceromancy chirognomy crithomancy critomancy hieromancy hydromancy logarithmancy myomancy odontomancy oneiromancy osteomancy pedomancy pegomancy scapulomancy stichomancy thumomancy urimancy xylomancy. Aleuromancy apantomancy armomancy botanomancy capnomancy catoptromancy coscinomancy critomancy cromnyomancy enoptromancy halomancy ichnomancy macromancy margaritomancy myomancy necyomancy nomancy ololygmancy oneiromancy onomancy onymancy oryctomancy ossomancy osteomancy retromancy spheromancy stolisomancy uranomancy.</p><p>Acultomancy astragalomancy cartomancy catoptromancy causimancy ceneromancy crithomancy dactyliomancy extispicy halomancy hepatoscopy ichthyomancy margaritomancy narcomancy nomancy osteomancy pedomancy pegomancy phyllomancy scatomancy. Aspidomancy austromancy bibliomancy ceraunoscopy cleromancy crithomancy crystallomancy dririmancy hematomancy ichnomancy keraunoscopia lecanomancy logarithmancy micromancy oinomancy ololygmancy omoplatoscopy stercomancy stolisomancy topomancy. Ailuromancy brontomancy chronomancy cleromancy ichthyomancy iconomancy mathemancy meconomancy ophidiomancy ouranomancy sciomancy selenomancy tiromancy. Axinomancy capnomancy ceneromancy ceraunomancy ceroscopy cromnyomancy crystallomancy dactyliomancy enoptromancy eromancy halomancy idolomancy knissomancy lithomancy margaritomancy meteoromancy metopomancy oinomancy onychomancy rhabdomancy spheromancy sycomancy theomancy.</p>','image_21.gif','33333333-3333-3333-3333-333333333333','11111111-1111-1111-1111-111111111111',2,'7/15/17',NULL,'7/15/17',NULL),
		(22, 2, 'My Pleasant Story of My Ghost Mother-In-Law', '<p>Acumen antares cravat denouement euphony litterateur monomaniac quiescence schooner-rigged smack sedge sinciput swammerdamm. Avoirdupois azrael batavia beguiling coquetries crebillon de beranger decamped disinter eschew fastidious laconic norman palliative petulantly precocity runic. A pipe of accoutred alarum appennines ardor arts of the toilet bugaboo chaise longue colloquy disapprobation freemasons incubus lethe monody pallas passes for amontillado ptolemy purloined rheum scholiasts simoom verdant vicissitudes. Archipelago bon ton cameos carathis clandestinely cupola eidolon foolscap gingham glutinous gorgias gunwale homoeopathists leibnitz nourjahad phantasmagoric psyche raconteur sir george cayley tadmor unfeigned venerable xerxes.</p><p>Achilles heel acrid asphaltum asphytic cassock castellated charnel disconsolate dogma ducal fuseli galvanic gelatinous hessian immolation mansardes metaphor monomania ocular penuriousness placid propitious ptolemy scintillating scruples tadmor thule welsh rabbit. Austere axiom cupola halcyon lady rowena trevanion parisian posteriori prevarication propitious scarabaeus soliloquy stertorous tadmor taffrail. Axiom beguiling cartilaginous charnel chiromancy chirurgical journal cloister dodona domiciliary entrails flambeau gainsayed homoeopathists impunity invention of hero java leibnitz maison monomaniac nemo me impune lacessit obtuse pallid phrenologist rue swedenborg syncope tinctured trumpery vociferated.</p><p>Abstruse achilles heel author of the chronicles cameos cotopaxi despotism fag end galvanic gesticulations ineffable kirschenwasser larboard mien moresque mummer nemo me impune lacessit outre partisan pectoral muscles poop roquelaire tertullian venerable. Arts of the toilet cameos catalepsy clairvoyance decorum fetid horticulturist nicholas klimm rapture rara avis in terris. Aghast apothegm ashtophet avator belphegor of machiavelli bon ton brocade caricature cassock demur disapprobation erudition facilis descensus averni fag end francs gendarme girting in articulo mortis mesmer nemo me impune lacessit parallelogram pasquinaded prima donna ribands sagacious scholiasts studding-sail thunderstricken trepanning.</p>','image_22.jpg','33333333-3333-3333-3333-333333333333','33333333-3333-3333-3333-333333333333',2,'7/16/17',NULL,'7/16/17',NULL),
		(23, 2, 'Ghost Appears in Selfie', '<p>Paladin beleg strongbow deathless desolation of the morannon ered nimrais haldan king of the noldor mithe strawheads tuckborough. Armor class pitchfork argonath arvernien axe of tuor fourth age galenas gate of the noldor haven-finder king of calenardhon master morgul rock of the music of water rose gamgee shadow host sirannon telumehtar thrihyrne two watchers underhill village utumno white lady of the noldor wood-demons. Energy charge total cover aros bree-hill bunce gorthol gothmog, lord of balrogs morwen of lossarnach nimrodel, river orcs snails thanksgiving to eru white downs woody end. Half speed reaction swarm subtype bespoke swag angrenost beren of gondor cram day of doom dimbar flambard took forest forgoil great road (north to south) gundor lassemista merry gamgee mouth of sauron ring of doom rodyn shuddering water thangorodrim vinitharya.</p><p>Pattern subschool protection domain whatever amon darthir arda ashes belthil chubb-baggins erling far-wanderer firefoot foamriders gates of mordor gorthol grey havens land of the dead that live lords of the valar men of dorthonion monendei nimrodel, river noldo ringwraiths southlinch thistle brook voles westfolders. Spell-like ability spontaneous casting loko organic sweater aglon amon lhaw angelimir bilbo baggins brandir brandywine bridge circles of the world elven-kings ethir anduin gilraen green hill country kelvar lady of the seas last alliance of elves and men lord of mordor magic ring osgiliath shire-thain swanhaven thrushes tyrn gorthad yuledays. Awakening of men certar gate-keepers girdle of melian heribald bolger lanthir lamath lithe, in the calendar of bree mewlips orodruin.</p><p>Casting time chaos domain sustainable astar brandywine bridge brithon buck hill durin vi hidden realm laer lily brown masterful pallando parth galen staddle stoningland tauremorna tom bombadil yearbook of tuckborough. Temporary hit points anor elendil erui first marshal of the riddermark grubb guarded plain longfather-tree of master samwise lord of nogrod one quendi river-woman tower of the rising moon. Astral plane fate domain paralyzed helvetica budgeford daddy twofoot gate of the dead idril celebrindal isengrim took ii mithrim, lake thistle brook william huggins. Attack of opportunity blown away smoke effects andaith falathrim free peoples gandalf gelmir of angrods people halethrim long lake mede pines powers of the world rerir silver crown snowmane star of the north kingdom sterday steward of gondor talath dirnen tar-elendil third marshal of the riddermark thrimich.</p>','image_23.jpg','11111111-1111-1111-1111-111111111111','11111111-1111-1111-1111-111111111111',2,'7/17/17',NULL,'7/17/17',NULL),
		(24, 2, 'Who Drove Galloway''s?', '<p>I Woke Up with a Ghost in My Car... and She was Driving.  My friendly ghost drove me home after a night of tractor pulling.</p><p>Lorem ipsum dolor sit amet, consectetur adipiscing elit. Integer nec odio. Praesent libero. Sed cursus ante dapibus diam. Sed nisi. Nulla quis sem at nibh elementum imperdiet. Duis sagittis ipsum. <b>Lorem ipsum dolor sit amet, consectetur adipiscing elit</b>. Praesent mauris. Fusce nec tellus sed augue semper porta. Mauris massa. Vestibulum lacinia arcu eget nulla. Class aptent taciti sociosqu ad litora torquent per conubia nostra, per inceptos himenaeos. Curabitur sodales ligula in libero. </p><p>Sed dignissim lacinia nunc. Curabitur tortor. Pellentesque nibh. <i>Lorem ipsum dolor sit amet, consectetur adipiscing elit</i>. Aenean quam. In scelerisque sem at dolor. Maecenas mattis. Sed convallis tristique sem. <b>Vestibulum lacinia arcu eget nulla</b>. Proin ut ligula vel nunc egestas porttitor. Morbi lectus risus, iaculis vel, suscipit quis, luctus non, massa. Fusce ac turpis quis ligula lacinia aliquet. Mauris ipsum. <b>Aenean quam</b>. Nulla metus metus, ullamcorper vel, tincidunt sed, euismod in, nibh. Quisque volutpat condimentum velit. <i>Lorem ipsum dolor sit amet, consectetur adipiscing elit</i>. Class aptent taciti sociosqu ad litora torquent per conubia nostra, per inceptos himenaeos. </p><p>Nam nec ante. Sed lacinia, urna non tincidunt mattis, tortor neque adipiscing diam, a cursus ipsum ante quis turpis. Nulla facilisi. Ut fringilla. Suspendisse potenti. Nunc feugiat mi a tellus consequat imperdiet. Vestibulum sapien. Proin quam. Etiam ultrices. <i>Maecenas mattis</i>. Suspendisse in justo eu magna luctus suscipit. Sed lectus. Integer euismod lacus luctus magna. </p>','image_24.jpg','00000000-0000-0000-0000-000000000000','00000000-0000-0000-0000-000000000000',2,'7/18/17',NULL,'7/20/17',NULL),
		(25, 2, 'Real Ghost Pictures Caught On Camera', '<p>Creep cold graves, shadow non fear a, psychotic ashes ghost. In willow trees, killer dolls are rotten teeth bite, sheep children virus nibh, in zombies brains unknown ghost creepy. Breathing heavily damp, cold and crying running, stalking slicing stabbing dripping (blood), is creaking screaming 666 at kettle. Haunt sliced at choking cut drool. Death bruises moon torture demon.</p><p>Devil or vampire werewolf wind. Haunt sliced at choking cut drool. Eerie needles edginess, graveyard on death rotten, disturbing non grave. Burie.</p><p>Non guts claw and creature hair-raising decapitated at est. Flames at crazy slicing with murderer gore. killer mental psychotic sliced. Menacing nightmare zombie deranged in stabbing. Graves slice ominous is guns exorcism guts. In horrifying, fear is gnarled murder, ominous eerie Serial killer sinister, with sick chilling agony shaking heart pumping. chainsaw dread full moon, pushed at alley bruises, children is knife. Tearing eyeballs zombie slash. Dungeon in a gruesome, a disembowe.</p><p>Unknown. Suicide Slash demon at convulsing darkness a evil pain burn. Breathing heavily hell and rabid anthrax fanatic tearing at a squeal. Bloodcurdling decomposed zombie in virus scared cat Michael Myers worms. In horrifying, fear i.</p><p>Gnarled murder, ominous eerie Serial killer sinister, with sick chilling agony shaking heart pumping. Haunt tearing murder crying an mental corpse zombies evil, chainsaw motionless gory. Dungeon in a gruesome, a disembowel unknown. Tearing eyeballs zombie slash. Witch ashes eyeball undead, in bury burn hell flames. Blood ashes tearing in drowning spooky at fanatic with murderer. chainsaw dread full moon, pushed at alley bruises.</p><p>Children is knife. Tearing eyeballs zombie slash. Drenched scream scared dark. Haunt sliced at choking cut drool. Blood ashes tearing in drowning spooky at fanatic with murderer. Drenched scream scared dark. Anthrax putrid, disturbing and morbid convulsing, rotten menacing fatal bleak, monstrosity dread with demon scourge terrifying. Edginess anxiety tension, claw at deteriorated in, creep a tear. Cat at decapitated guns. . Gnarled hazardous, gore Michael Myers grav.</p><p>Ripped, trapped daring rotten worms, vampire monstrosity bleak are at flesh. Screams creaking tension kettle our exorcist. Pain needles commodo drool rabid nightmare. Mental hospital sliced drowning. Dark mutilation rotten, Blood hair raising or, blood in eyeball. Evil Michael Myers decomposed corpse. Creep cold graves, shadow non fear a, psychotic ashes ghost. Buried non guts claw and creature hair-raising decapitated at est. Disembowel stab, chains dungeon torment fiendish, gruesom.</p><p>Psychopath monster captive, a mutilation possession obsession at fanatic. Captive Agony deteriorated, fatal or chilling is, grotesque Halloween exorcism. Haunt tearing murder crying an mental corpse zombies evil, chainsaw motionless gory. Horror bowels exorcism grave cut, murderer creature ripped. Eerie needles edginess, graveyard on death rotten, disturbing no.</p><p>Grave. Shriek terror shadow, darkness in tense ac, Motionless drowning Full moon. Shriek terror shadow, darkness in tense ac, Motionless drowning Ful.</p>','image_25.jpg','22222222-2222-2222-2222-222222222222','11111111-1111-1111-1111-111111111111',2,'7/20/17',NULL,'7/29/17',NULL),
		(26, 2, 'A Ghost At My Computer', '<p>Lorem ipsum dolor sit amet, consectetur adipiscing elit. Integer nec odio. Praesent libero. Sed cursus ante dapibus diam. Sed nisi. Nulla quis sem at nibh elementum imperdiet. Duis sagittis ipsum. <b>Lorem ipsum dolor sit amet, consectetur adipiscing elit</b>. Praesent mauris. Fusce nec tellus sed augue semper porta. Mauris massa. Vestibulum lacinia arcu eget nulla. Class aptent taciti sociosqu ad litora torquent per conubia nostra, per inceptos himenaeos. Curabitur sodales ligula in libero. </p><p>Sed dignissim lacinia nunc. Curabitur tortor. Pellentesque nibh. <i>Lorem ipsum dolor sit amet, consectetur adipiscing elit</i>. Aenean quam. In scelerisque sem at dolor. Maecenas mattis. Sed convallis tristique sem. <b>Vestibulum lacinia arcu eget nulla</b>. Proin ut ligula vel nunc egestas porttitor. Morbi lectus risus, iaculis vel, suscipit quis, luctus non, massa. Fusce ac turpis quis ligula lacinia aliquet. Mauris ipsum. <b>Aenean quam</b>. Nulla metus metus, ullamcorper vel, tincidunt sed, euismod in, nibh. Quisque volutpat condimentum velit. <i>Lorem ipsum dolor sit amet, consectetur adipiscing elit</i>. Class aptent taciti sociosqu ad litora torquent per conubia nostra, per inceptos himenaeos. </p><p>Nam nec ante. Sed lacinia, urna non tincidunt mattis, tortor neque adipiscing diam, a cursus ipsum ante quis turpis. Nulla facilisi. Ut fringilla. Suspendisse potenti. Nunc feugiat mi a tellus consequat imperdiet. Vestibulum sapien. Proin quam. Etiam ultrices. <i>Maecenas mattis</i>. Suspendisse in justo eu magna luctus suscipit. Sed lectus. Integer euismod lacus luctus magna. </p>','image_26.jpg','22222222-2222-2222-2222-222222222222','00000000-0000-0000-0000-000000000000',1,'7/10/17',NULL,'7/20/17',NULL),
		(27, 2, 'Black and White vs. Color Photography of Ghosts', '<p>Aeromancy alectormancy ambulomancy anthracomancy brontomancy catoptromancy cephalonomancy coscinomancy crystalomancy eromancy geloscopy geomancy haruspication hieroscopy hypnomancy keraunoscopia logomancy narcomancy necyomancy odontomancy ololygmancy oryctomancy pyromancy rhapsodomancy scapulomancy sideromancy spheromancy tyromancy xenomancy. Ailuromancy axinomancy bibliomancy botanomancy brontomancy cartomancy chaomancy crithomancy critomancy hematomancy hieromancy kephalonomancy lithomancy logarithmancy meconomancy odontomancy ololygmancy omphalomancy onomancy onymancy oomancy ophidiomancy retromancy rhabdomancy scatoscopy sideromancy spheromancy thumomancy tiromancy topomancy. Anthracomancy crystalomancy knissomancy lithomancy logomancy metopomancy omoplatoscopy ouranomancy pyromancy spasmatomancy thumomancy.</p><p>Alectormancy belomancy cleidomancy crystallomancy ichnomancy lithomancy logomancy myomancy omoplatoscopy onomancy stolisomancy theomancy xylomancy. Acultomancy alectryomancy aleuromancy botanomancy ceraunoscopy cleidomancy critomancy knissomancy oinomancy psephomancy spatilomancy tephromancy trochomancy. Alectormancy austromancy belomancy causimancy ceraunoscopy dactyliomancy hydromancy kephalonomancy maculomancy meconomancy oinomancy ossomancy ouranomancy spatilomancy spheromancy thrioboly. Aleuromancy bibliomancy ceroscopy crystallomancy crystalomancy dririmancy haruspication hieroscopy lecanomancy logomancy oenomancy onymancy phyllomancy sortilege spheromancy urimancy. Arithmancy austromancy botanomancy brontomancy cleidomancy cleromancy grafology logomancy macromancy oenomancy pedomancy sideromancy stolisomancy.</p><p>Aleuromancy batraquomancy ceneromancy cleromancy lampadomancy narcomancy physiognomancy psephomancy scatoscopy spheromancy topomancy. Anthomancy batraquomancy brontomancy cleidomancy crystallomancy gyromancy lampadomancy metoposcopy spatilomancy spodomancy stolisomancy. Alomancy astromancy chiromancy cleromancy conchomancy graptomancy hieromancy hydromancy kephalonomancy ouranomancy pyromancy stercomancy. Anthomancy armomancy batraquomancy belomancy ceneromancy ceromancy chirognomy crithomancy critomancy hieromancy hydromancy logarithmancy myomancy odontomancy oneiromancy osteomancy pedomancy pegomancy scapulomancy stichomancy thumomancy urimancy xylomancy. Aleuromancy apantomancy armomancy botanomancy capnomancy catoptromancy coscinomancy critomancy cromnyomancy enoptromancy halomancy ichnomancy macromancy margaritomancy myomancy necyomancy nomancy ololygmancy oneiromancy onomancy onymancy oryctomancy ossomancy osteomancy retromancy spheromancy stolisomancy uranomancy.</p><p>Acultomancy astragalomancy cartomancy catoptromancy causimancy ceneromancy crithomancy dactyliomancy extispicy halomancy hepatoscopy ichthyomancy margaritomancy narcomancy nomancy osteomancy pedomancy pegomancy phyllomancy scatomancy. Aspidomancy austromancy bibliomancy ceraunoscopy cleromancy crithomancy crystallomancy dririmancy hematomancy ichnomancy keraunoscopia lecanomancy logarithmancy micromancy oinomancy ololygmancy omoplatoscopy stercomancy stolisomancy topomancy. Ailuromancy brontomancy chronomancy cleromancy ichthyomancy iconomancy mathemancy meconomancy ophidiomancy ouranomancy sciomancy selenomancy tiromancy. Axinomancy capnomancy ceneromancy ceraunomancy ceroscopy cromnyomancy crystallomancy dactyliomancy enoptromancy eromancy halomancy idolomancy knissomancy lithomancy margaritomancy meteoromancy metopomancy oinomancy onychomancy rhabdomancy spheromancy sycomancy theomancy.</p>','image_27.jpg','11111111-1111-1111-1111-111111111111','11111111-1111-1111-1111-111111111111',2,'7/11/17',NULL,'7/20/17',NULL),
		(28, 2, 'Lucky Ghost?', '<p>Acumen antares cravat denouement euphony litterateur monomaniac quiescence schooner-rigged smack sedge sinciput swammerdamm. Avoirdupois azrael batavia beguiling coquetries crebillon de beranger decamped disinter eschew fastidious laconic norman palliative petulantly precocity runic. A pipe of accoutred alarum appennines ardor arts of the toilet bugaboo chaise longue colloquy disapprobation freemasons incubus lethe monody pallas passes for amontillado ptolemy purloined rheum scholiasts simoom verdant vicissitudes. Archipelago bon ton cameos carathis clandestinely cupola eidolon foolscap gingham glutinous gorgias gunwale homoeopathists leibnitz nourjahad phantasmagoric psyche raconteur sir george cayley tadmor unfeigned venerable xerxes.</p><p>Achilles heel acrid asphaltum asphytic cassock castellated charnel disconsolate dogma ducal fuseli galvanic gelatinous hessian immolation mansardes metaphor monomania ocular penuriousness placid propitious ptolemy scintillating scruples tadmor thule welsh rabbit. Austere axiom cupola halcyon lady rowena trevanion parisian posteriori prevarication propitious scarabaeus soliloquy stertorous tadmor taffrail. Axiom beguiling cartilaginous charnel chiromancy chirurgical journal cloister dodona domiciliary entrails flambeau gainsayed homoeopathists impunity invention of hero java leibnitz maison monomaniac nemo me impune lacessit obtuse pallid phrenologist rue swedenborg syncope tinctured trumpery vociferated.</p><p>Abstruse achilles heel author of the chronicles cameos cotopaxi despotism fag end galvanic gesticulations ineffable kirschenwasser larboard mien moresque mummer nemo me impune lacessit outre partisan pectoral muscles poop roquelaire tertullian venerable. Arts of the toilet cameos catalepsy clairvoyance decorum fetid horticulturist nicholas klimm rapture rara avis in terris. Aghast apothegm ashtophet avator belphegor of machiavelli bon ton brocade caricature cassock demur disapprobation erudition facilis descensus averni fag end francs gendarme girting in articulo mortis mesmer nemo me impune lacessit parallelogram pasquinaded prima donna ribands sagacious scholiasts studding-sail thunderstricken trepanning.</p>','image_28.jpg','00000000-0000-0000-0000-000000000000','11111111-1111-1111-1111-111111111111',2,'7/12/17',NULL,'7/12/17',NULL),
		(29, 2, 'Nasty Ghost T-Shirts', '<p>Not all ghosts are nasty, but that is Trump''s latest claim</p><p>Paladin beleg strongbow deathless desolation of the morannon ered nimrais haldan king of the noldor mithe strawheads tuckborough. Armor class pitchfork argonath arvernien axe of tuor fourth age galenas gate of the noldor haven-finder king of calenardhon master morgul rock of the music of water rose gamgee shadow host sirannon telumehtar thrihyrne two watchers underhill village utumno white lady of the noldor wood-demons. Energy charge total cover aros bree-hill bunce gorthol gothmog, lord of balrogs morwen of lossarnach nimrodel, river orcs snails thanksgiving to eru white downs woody end. Half speed reaction swarm subtype bespoke swag angrenost beren of gondor cram day of doom dimbar flambard took forest forgoil great road (north to south) gundor lassemista merry gamgee mouth of sauron ring of doom rodyn shuddering water thangorodrim vinitharya.</p><p>Pattern subschool protection domain whatever amon darthir arda ashes belthil chubb-baggins erling far-wanderer firefoot foamriders gates of mordor gorthol grey havens land of the dead that live lords of the valar men of dorthonion monendei nimrodel, river noldo ringwraiths southlinch thistle brook voles westfolders. Spell-like ability spontaneous casting loko organic sweater aglon amon lhaw angelimir bilbo baggins brandir brandywine bridge circles of the world elven-kings ethir anduin gilraen green hill country kelvar lady of the seas last alliance of elves and men lord of mordor magic ring osgiliath shire-thain swanhaven thrushes tyrn gorthad yuledays. Awakening of men certar gate-keepers girdle of melian heribald bolger lanthir lamath lithe, in the calendar of bree mewlips orodruin.</p><p>Casting time chaos domain sustainable astar brandywine bridge brithon buck hill durin vi hidden realm laer lily brown masterful pallando parth galen staddle stoningland tauremorna tom bombadil yearbook of tuckborough. Temporary hit points anor elendil erui first marshal of the riddermark grubb guarded plain longfather-tree of master samwise lord of nogrod one quendi river-woman tower of the rising moon. Astral plane fate domain paralyzed helvetica budgeford daddy twofoot gate of the dead idril celebrindal isengrim took ii mithrim, lake thistle brook william huggins. Attack of opportunity blown away smoke effects andaith falathrim free peoples gandalf gelmir of angrods people halethrim long lake mede pines powers of the world rerir silver crown snowmane star of the north kingdom sterday steward of gondor talath dirnen tar-elendil third marshal of the riddermark thrimich.</p>','image_29.jpg','00000000-0000-0000-0000-000000000000','00000000-0000-0000-0000-000000000000',2,'7/23/17',NULL,'7/26/17',NULL),
		(30, 2, 'The Secret To Success... Putting Your Ghost To Work', '<p>Don''t dismiss or be afraid of your ghost. Embrace them and partner up.</p><p>Creep cold graves, shadow non fear a, psychotic ashes ghost. In willow trees, killer dolls are rotten teeth bite, sheep children virus nibh, in zombies brains unknown ghost creepy. Breathing heavily damp, cold and crying running, stalking slicing stabbing dripping (blood), is creaking screaming 666 at kettle. Haunt sliced at choking cut drool. Death bruises moon torture demon.</p><p>Devil or vampire werewolf wind. Haunt sliced at choking cut drool. Eerie needles edginess, graveyard on death rotten, disturbing non grave. Burie.</p><p>Non guts claw and creature hair-raising decapitated at est. Flames at crazy slicing with murderer gore. killer mental psychotic sliced. Menacing nightmare zombie deranged in stabbing. Graves slice ominous is guns exorcism guts. In horrifying, fear is gnarled murder, ominous eerie Serial killer sinister, with sick chilling agony shaking heart pumping. chainsaw dread full moon, pushed at alley bruises, children is knife. Tearing eyeballs zombie slash. Dungeon in a gruesome, a disembowe.</p><p>Unknown. Suicide Slash demon at convulsing darkness a evil pain burn. Breathing heavily hell and rabid anthrax fanatic tearing at a squeal. Bloodcurdling decomposed zombie in virus scared cat Michael Myers worms. In horrifying, fear i.</p><p>Gnarled murder, ominous eerie Serial killer sinister, with sick chilling agony shaking heart pumping. Haunt tearing murder crying an mental corpse zombies evil, chainsaw motionless gory. Dungeon in a gruesome, a disembowel unknown. Tearing eyeballs zombie slash. Witch ashes eyeball undead, in bury burn hell flames. Blood ashes tearing in drowning spooky at fanatic with murderer. chainsaw dread full moon, pushed at alley bruises.</p><p>Children is knife. Tearing eyeballs zombie slash. Drenched scream scared dark. Haunt sliced at choking cut drool. Blood ashes tearing in drowning spooky at fanatic with murderer. Drenched scream scared dark. Anthrax putrid, disturbing and morbid convulsing, rotten menacing fatal bleak, monstrosity dread with demon scourge terrifying. Edginess anxiety tension, claw at deteriorated in, creep a tear. Cat at decapitated guns. . Gnarled hazardous, gore Michael Myers grav.</p><p>Ripped, trapped daring rotten worms, vampire monstrosity bleak are at flesh. Screams creaking tension kettle our exorcist. Pain needles commodo drool rabid nightmare. Mental hospital sliced drowning. Dark mutilation rotten, Blood hair raising or, blood in eyeball. Evil Michael Myers decomposed corpse. Creep cold graves, shadow non fear a, psychotic ashes ghost. Buried non guts claw and creature hair-raising decapitated at est. Disembowel stab, chains dungeon torment fiendish, gruesom.</p><p>Psychopath monster captive, a mutilation possession obsession at fanatic. Captive Agony deteriorated, fatal or chilling is, grotesque Halloween exorcism. Haunt tearing murder crying an mental corpse zombies evil, chainsaw motionless gory. Horror bowels exorcism grave cut, murderer creature ripped. Eerie needles edginess, graveyard on death rotten, disturbing no.</p><p>Grave. Shriek terror shadow, darkness in tense ac, Motionless drowning Full moon. Shriek terror shadow, darkness in tense ac, Motionless drowning Ful.</p>','image_30.jpg','11111111-1111-1111-1111-111111111111','11111111-1111-1111-1111-111111111111',2,'7/24/17',NULL,'7/25/17',NULL);
	SET IDENTITY_INSERT BlogPost OFF
	
	--Populate PostHashtag
	INSERT INTO PostHashtag(HashtagId, PostId)
	VALUES (1,1),  (1,21), (1,12),  (1,13),  (1,5),  (1,6),  (1,7),  (1,8),  (1,9),  (1,24),
           (2,11), (2,12), (2,13), (2,14), (2,24), (2,16), (2,17),
           (3,27),
           (4,23),
           (5,27),
           (6,24), (6,21), (6,5),
           (7,24), (7,30), (7,29), (7,15), (7,16),
           (8,24), (8,16),
           (9,29), (9,21), (9,24), (9,17)

END
GO

EXEC DbReset;
